PROVIDER;DESCRIPTION;ACCOUNTID;REGION;ASSESSMENTDATE;REQUIREMENTS_ID;REQUIREMENTS_DESCRIPTION;REQUIREMENTS_ATTRIBUTES_SECTION;REQUIREMENTS_ATTRIBUTES_SUBSECTION;REQUIREMENTS_ATTRIBUTES_SUBGROUP;REQUIREMENTS_ATTRIBUTES_SERVICE;REQUIREMENTS_ATTRIBUTES_TYPE;STATUS;STATUSEXTENDED;RESOURCEID;CHECKID;MUTED;RESOURCENAME;FRAMEWORK;NAME;REQUIREMENTS_ATTRIBUTES_COMMENT
aws;AWS Control Tower is a management and governance service that you can use to navigate through the setup process and governance requirements that are involved in creating a multi-account AWS environment.;350381001508;us-east-1;2026-08-01 19:04:21.788096;1.0.3;Checks whether EBS volumes that are in an attached state are encrypted;EBS checks;;;ebs;;FAIL;EBS Default Encryption is not activated.;arn:aws:ec2:us-east-1:350381001508:volume;ec2_ebs_default_encryption;False;350381001508;AWS-Audit-Manager-Control-Tower-Guardrails;AWS Audit Manager Control Tower Guardrails;
aws;AWS Control Tower is a management and governance service that you can use to navigate through the setup process and governance requirements that are involved in creating a multi-account AWS environment.;350381001508;us-east-1;2026-08-01 19:04:21.788096;1.0.3;Checks whether EBS volumes that are in an attached state are encrypted;EBS checks;;;ebs;;FAIL;EBS Snapshot vol-06f58dc8b8493e9f8 is unencrypted.;arn:aws:ec2:us-east-1:350381001508:volume/vol-06f58dc8b8493e9f8;ec2_ebs_volume_encryption;False;vol-06f58dc8b8493e9f8;AWS-Audit-Manager-Control-Tower-Guardrails;AWS Audit Manager Control Tower Guardrails;
aws;AWS Control Tower is a management and governance service that you can use to navigate through the setup process and governance requirements that are involved in creating a multi-account AWS environment.;350381001508;us-east-1;2026-08-01 19:04:21.788096;1.0.2;Checks whether EBS volumes are attached to EC2 instances;EBS checks;;;ebs;;FAIL;Snapshots not found for the EBS volume vol-06f58dc8b8493e9f8.;arn:aws:ec2:us-east-1:350381001508:volume/vol-06f58dc8b8493e9f8;ec2_ebs_volume_snapshots_exists;False;vol-06f58dc8b8493e9f8;AWS-Audit-Manager-Control-Tower-Guardrails;AWS Audit Manager Control Tower Guardrails;
aws;AWS Control Tower is a management and governance service that you can use to navigate through the setup process and governance requirements that are involved in creating a multi-account AWS environment.;350381001508;us-east-1;2026-08-01 19:04:21.788096;2.0.2;Checks whether security groups that are in use disallow unrestricted incoming SSH traffic.;Disallow Internet Connection;;;vpc;;FAIL;Security group research-sg (sg-0ffe5cbdcf88d22b5) has SSH port 22 open to the Internet.;arn:aws:ec2:us-east-1:350381001508:security-group/sg-0ffe5cbdcf88d22b5;ec2_securitygroup_allow_ingress_from_internet_to_tcp_port_22;False;sg-0ffe5cbdcf88d22b5;AWS-Audit-Manager-Control-Tower-Guardrails;AWS Audit Manager Control Tower Guardrails;
aws;AWS Control Tower is a management and governance service that you can use to navigate through the setup process and governance requirements that are involved in creating a multi-account AWS environment.;350381001508;us-east-1;2026-08-01 19:04:21.788096;2.0.1;Checks whether security groups that are in use disallow unrestricted incoming TCP traffic to the specified;Disallow Internet Connection;;;vpc;;FAIL;Security group research-sg (sg-0ffe5cbdcf88d22b5) has Microsoft RDP port 3389 open to the Internet.;arn:aws:ec2:us-east-1:350381001508:security-group/sg-0ffe5cbdcf88d22b5;ec2_securitygroup_allow_ingress_from_internet_to_tcp_port_3389;False;sg-0ffe5cbdcf88d22b5;AWS-Audit-Manager-Control-Tower-Guardrails;AWS Audit Manager Control Tower Guardrails;
aws;AWS Control Tower is a management and governance service that you can use to navigate through the setup process and governance requirements that are involved in creating a multi-account AWS environment.;350381001508;us-east-1;2026-08-01 19:04:21.788096;3.0.3;Checks whether the root user of your AWS account requires multi-factor authentication for console sign-in.;Multi-Factor Authentication;;;iam;;FAIL;Root account has a virtual MFA instead of a hardware MFA device enabled.;arn:aws:iam::350381001508:mfa;iam_root_hardware_mfa_enabled;False;<root_account>;AWS-Audit-Manager-Control-Tower-Guardrails;AWS Audit Manager Control Tower Guardrails;
aws;AWS Control Tower is a management and governance service that you can use to navigate through the setup process and governance requirements that are involved in creating a multi-account AWS environment.;350381001508;us-east-1;2026-08-01 19:04:21.788096;3.0.1;Checks whether the AWS Identity and Access Management users have multi-factor authentication (MFA) enabled.;Multi-Factor Authentication;;;iam;;PASS;MFA is enabled for root account.;arn:aws:iam::350381001508:root;iam_root_mfa_enabled;False;<root_account>;AWS-Audit-Manager-Control-Tower-Guardrails;AWS Audit Manager Control Tower Guardrails;
aws;AWS Control Tower is a management and governance service that you can use to navigate through the setup process and governance requirements that are involved in creating a multi-account AWS environment.;350381001508;us-east-1;2026-08-01 19:04:21.788096;3.0.2;Checks whether AWS Multi-Factor Authentication (MFA) is enabled for all AWS Identity and Access Management (IAM) users that use a console password.;Multi-Factor Authentication;;;iam;;PASS;MFA is enabled for root account.;arn:aws:iam::350381001508:root;iam_root_mfa_enabled;False;<root_account>;AWS-Audit-Manager-Control-Tower-Guardrails;AWS Audit Manager Control Tower Guardrails;
aws;AWS Control Tower is a management and governance service that you can use to navigate through the setup process and governance requirements that are involved in creating a multi-account AWS environment.;350381001508;us-east-1;2026-08-01 19:04:21.788096;3.0.3;Checks whether the root user of your AWS account requires multi-factor authentication for console sign-in.;Multi-Factor Authentication;;;iam;;PASS;MFA is enabled for root account.;arn:aws:iam::350381001508:root;iam_root_mfa_enabled;False;<root_account>;AWS-Audit-Manager-Control-Tower-Guardrails;AWS Audit Manager Control Tower Guardrails;
aws;AWS Control Tower is a management and governance service that you can use to navigate through the setup process and governance requirements that are involved in creating a multi-account AWS environment.;350381001508;us-east-1;2026-08-01 19:04:21.788096;3.0.1;Checks whether the AWS Identity and Access Management users have multi-factor authentication (MFA) enabled.;Multi-Factor Authentication;;;iam;;PASS;User research-admin has hardware MFA enabled.;arn:aws:iam::350381001508:user/research-admin;iam_user_hardware_mfa_enabled;False;research-admin;AWS-Audit-Manager-Control-Tower-Guardrails;AWS Audit Manager Control Tower Guardrails;
aws;AWS Control Tower is a management and governance service that you can use to navigate through the setup process and governance requirements that are involved in creating a multi-account AWS environment.;350381001508;us-east-1;2026-08-01 19:04:21.788096;3.0.2;Checks whether AWS Multi-Factor Authentication (MFA) is enabled for all AWS Identity and Access Management (IAM) users that use a console password.;Multi-Factor Authentication;;;iam;;PASS;User research-admin has hardware MFA enabled.;arn:aws:iam::350381001508:user/research-admin;iam_user_hardware_mfa_enabled;False;research-admin;AWS-Audit-Manager-Control-Tower-Guardrails;AWS Audit Manager Control Tower Guardrails;
aws;AWS Control Tower is a management and governance service that you can use to navigate through the setup process and governance requirements that are involved in creating a multi-account AWS environment.;350381001508;us-east-1;2026-08-01 19:04:21.788096;3.0.1;Checks whether the AWS Identity and Access Management users have multi-factor authentication (MFA) enabled.;Multi-Factor Authentication;;;iam;;PASS;User scanner-user has hardware MFA enabled.;arn:aws:iam::350381001508:user/scanner-user;iam_user_hardware_mfa_enabled;False;scanner-user;AWS-Audit-Manager-Control-Tower-Guardrails;AWS Audit Manager Control Tower Guardrails;
aws;AWS Control Tower is a management and governance service that you can use to navigate through the setup process and governance requirements that are involved in creating a multi-account AWS environment.;350381001508;us-east-1;2026-08-01 19:04:21.788096;3.0.2;Checks whether AWS Multi-Factor Authentication (MFA) is enabled for all AWS Identity and Access Management (IAM) users that use a console password.;Multi-Factor Authentication;;;iam;;PASS;User scanner-user has hardware MFA enabled.;arn:aws:iam::350381001508:user/scanner-user;iam_user_hardware_mfa_enabled;False;scanner-user;AWS-Audit-Manager-Control-Tower-Guardrails;AWS Audit Manager Control Tower Guardrails;
aws;AWS Control Tower is a management and governance service that you can use to navigate through the setup process and governance requirements that are involved in creating a multi-account AWS environment.;350381001508;us-east-1;2026-08-01 19:04:21.788096;3.0.1;Checks whether the AWS Identity and Access Management users have multi-factor authentication (MFA) enabled.;Multi-Factor Authentication;;;iam;;FAIL;User test-user does not have any type of MFA enabled.;arn:aws:iam::350381001508:user/test-user;iam_user_hardware_mfa_enabled;False;test-user;AWS-Audit-Manager-Control-Tower-Guardrails;AWS Audit Manager Control Tower Guardrails;
aws;AWS Control Tower is a management and governance service that you can use to navigate through the setup process and governance requirements that are involved in creating a multi-account AWS environment.;350381001508;us-east-1;2026-08-01 19:04:21.788096;3.0.2;Checks whether AWS Multi-Factor Authentication (MFA) is enabled for all AWS Identity and Access Management (IAM) users that use a console password.;Multi-Factor Authentication;;;iam;;FAIL;User test-user does not have any type of MFA enabled.;arn:aws:iam::350381001508:user/test-user;iam_user_hardware_mfa_enabled;False;test-user;AWS-Audit-Manager-Control-Tower-Guardrails;AWS Audit Manager Control Tower Guardrails;
aws;AWS Control Tower is a management and governance service that you can use to navigate through the setup process and governance requirements that are involved in creating a multi-account AWS environment.;350381001508;us-east-1;2026-08-01 19:04:21.788096;3.0.1;Checks whether the AWS Identity and Access Management users have multi-factor authentication (MFA) enabled.;Multi-Factor Authentication;;;iam;;PASS;User research-admin has Console Password enabled and MFA enabled.;arn:aws:iam::350381001508:user/research-admin;iam_user_mfa_enabled_console_access;False;research-admin;AWS-Audit-Manager-Control-Tower-Guardrails;AWS Audit Manager Control Tower Guardrails;
aws;AWS Control Tower is a management and governance service that you can use to navigate through the setup process and governance requirements that are involved in creating a multi-account AWS environment.;350381001508;us-east-1;2026-08-01 19:04:21.788096;3.0.2;Checks whether AWS Multi-Factor Authentication (MFA) is enabled for all AWS Identity and Access Management (IAM) users that use a console password.;Multi-Factor Authentication;;;iam;;PASS;User research-admin has Console Password enabled and MFA enabled.;arn:aws:iam::350381001508:user/research-admin;iam_user_mfa_enabled_console_access;False;research-admin;AWS-Audit-Manager-Control-Tower-Guardrails;AWS Audit Manager Control Tower Guardrails;
aws;AWS Control Tower is a management and governance service that you can use to navigate through the setup process and governance requirements that are involved in creating a multi-account AWS environment.;350381001508;us-east-1;2026-08-01 19:04:21.788096;3.0.3;Checks whether the root user of your AWS account requires multi-factor authentication for console sign-in.;Multi-Factor Authentication;;;iam;;PASS;User research-admin has Console Password enabled and MFA enabled.;arn:aws:iam::350381001508:user/research-admin;iam_user_mfa_enabled_console_access;False;research-admin;AWS-Audit-Manager-Control-Tower-Guardrails;AWS Audit Manager Control Tower Guardrails;
aws;AWS Control Tower is a management and governance service that you can use to navigate through the setup process and governance requirements that are involved in creating a multi-account AWS environment.;350381001508;us-east-1;2026-08-01 19:04:21.788096;3.0.1;Checks whether the AWS Identity and Access Management users have multi-factor authentication (MFA) enabled.;Multi-Factor Authentication;;;iam;;PASS;User scanner-user has Console Password enabled and MFA enabled.;arn:aws:iam::350381001508:user/scanner-user;iam_user_mfa_enabled_console_access;False;scanner-user;AWS-Audit-Manager-Control-Tower-Guardrails;AWS Audit Manager Control Tower Guardrails;
aws;AWS Control Tower is a management and governance service that you can use to navigate through the setup process and governance requirements that are involved in creating a multi-account AWS environment.;350381001508;us-east-1;2026-08-01 19:04:21.788096;3.0.2;Checks whether AWS Multi-Factor Authentication (MFA) is enabled for all AWS Identity and Access Management (IAM) users that use a console password.;Multi-Factor Authentication;;;iam;;PASS;User scanner-user has Console Password enabled and MFA enabled.;arn:aws:iam::350381001508:user/scanner-user;iam_user_mfa_enabled_console_access;False;scanner-user;AWS-Audit-Manager-Control-Tower-Guardrails;AWS Audit Manager Control Tower Guardrails;
aws;AWS Control Tower is a management and governance service that you can use to navigate through the setup process and governance requirements that are involved in creating a multi-account AWS environment.;350381001508;us-east-1;2026-08-01 19:04:21.788096;3.0.3;Checks whether the root user of your AWS account requires multi-factor authentication for console sign-in.;Multi-Factor Authentication;;;iam;;PASS;User scanner-user has Console Password enabled and MFA enabled.;arn:aws:iam::350381001508:user/scanner-user;iam_user_mfa_enabled_console_access;False;scanner-user;AWS-Audit-Manager-Control-Tower-Guardrails;AWS Audit Manager Control Tower Guardrails;
aws;AWS Control Tower is a management and governance service that you can use to navigate through the setup process and governance requirements that are involved in creating a multi-account AWS environment.;350381001508;us-east-1;2026-08-01 19:04:21.788096;3.0.1;Checks whether the AWS Identity and Access Management users have multi-factor authentication (MFA) enabled.;Multi-Factor Authentication;;;iam;;FAIL;User test-user has Console Password enabled but MFA disabled.;arn:aws:iam::350381001508:user/test-user;iam_user_mfa_enabled_console_access;False;test-user;AWS-Audit-Manager-Control-Tower-Guardrails;AWS Audit Manager Control Tower Guardrails;
aws;AWS Control Tower is a management and governance service that you can use to navigate through the setup process and governance requirements that are involved in creating a multi-account AWS environment.;350381001508;us-east-1;2026-08-01 19:04:21.788096;3.0.2;Checks whether AWS Multi-Factor Authentication (MFA) is enabled for all AWS Identity and Access Management (IAM) users that use a console password.;Multi-Factor Authentication;;;iam;;FAIL;User test-user has Console Password enabled but MFA disabled.;arn:aws:iam::350381001508:user/test-user;iam_user_mfa_enabled_console_access;False;test-user;AWS-Audit-Manager-Control-Tower-Guardrails;AWS Audit Manager Control Tower Guardrails;
aws;AWS Control Tower is a management and governance service that you can use to navigate through the setup process and governance requirements that are involved in creating a multi-account AWS environment.;350381001508;us-east-1;2026-08-01 19:04:21.788096;3.0.3;Checks whether the root user of your AWS account requires multi-factor authentication for console sign-in.;Multi-Factor Authentication;;;iam;;FAIL;User test-user has Console Password enabled but MFA disabled.;arn:aws:iam::350381001508:user/test-user;iam_user_mfa_enabled_console_access;False;test-user;AWS-Audit-Manager-Control-Tower-Guardrails;AWS Audit Manager Control Tower Guardrails;
aws;AWS Control Tower is a management and governance service that you can use to navigate through the setup process and governance requirements that are involved in creating a multi-account AWS environment.;350381001508;us-east-1;2026-08-01 19:04:21.788096;4.1.1;Checks that your S3 buckets do not allow public read access.;Disallow Public Access;;;s3;;FAIL;Block Public Access is not configured for the account 350381001508.;arn:aws:s3:us-east-1:350381001508:account;s3_account_level_public_access_blocks;False;350381001508;AWS-Audit-Manager-Control-Tower-Guardrails;AWS Audit Manager Control Tower Guardrails;
aws;AWS Control Tower is a management and governance service that you can use to navigate through the setup process and governance requirements that are involved in creating a multi-account AWS environment.;350381001508;us-east-1;2026-08-01 19:04:21.788096;5.1.1;Checks whether versioning is enabled for your S3 buckets.;Disallow Instances;;;s3;;FAIL;S3 Bucket aws-cloudtrail-logs-350381001508-dae76776 has versioning disabled.;arn:aws:s3:::aws-cloudtrail-logs-350381001508-dae76776;s3_bucket_object_versioning;False;aws-cloudtrail-logs-350381001508-dae76776;AWS-Audit-Manager-Control-Tower-Guardrails;AWS Audit Manager Control Tower Guardrails;
aws;AWS Control Tower is a management and governance service that you can use to navigate through the setup process and governance requirements that are involved in creating a multi-account AWS environment.;350381001508;us-east-1;2026-08-01 19:04:21.788096;5.1.1;Checks whether versioning is enabled for your S3 buckets.;Disallow Instances;;;s3;;FAIL;S3 Bucket public-bucket-open has versioning disabled.;arn:aws:s3:::public-bucket-open;s3_bucket_object_versioning;False;public-bucket-open;AWS-Audit-Manager-Control-Tower-Guardrails;AWS Audit Manager Control Tower Guardrails;
aws;AWS Control Tower is a management and governance service that you can use to navigate through the setup process and governance requirements that are involved in creating a multi-account AWS environment.;350381001508;us-east-1;2026-08-01 19:04:21.788096;5.1.1;Checks whether versioning is enabled for your S3 buckets.;Disallow Instances;;;s3;;PASS;S3 Bucket research-secure-bucket has versioning enabled.;arn:aws:s3:::research-secure-bucket;s3_bucket_object_versioning;False;research-secure-bucket;AWS-Audit-Manager-Control-Tower-Guardrails;AWS Audit Manager Control Tower Guardrails;
aws;AWS Control Tower is a management and governance service that you can use to navigate through the setup process and governance requirements that are involved in creating a multi-account AWS environment.;350381001508;us-east-1;2026-08-01 19:04:21.788096;4.1.2;Checks that your S3 buckets do not allow public write access.;Disallow Public Access;;;s3;;PASS;S3 public access blocked at bucket level for aws-cloudtrail-logs-350381001508-dae76776.;arn:aws:s3:::aws-cloudtrail-logs-350381001508-dae76776;s3_bucket_policy_public_write_access;False;aws-cloudtrail-logs-350381001508-dae76776;AWS-Audit-Manager-Control-Tower-Guardrails;AWS Audit Manager Control Tower Guardrails;
aws;AWS Control Tower is a management and governance service that you can use to navigate through the setup process and governance requirements that are involved in creating a multi-account AWS environment.;350381001508;us-east-1;2026-08-01 19:04:21.788096;4.1.2;Checks that your S3 buckets do not allow public write access.;Disallow Public Access;;;s3;;PASS;S3 Bucket public-bucket-open does not allow public write access in the bucket policy.;arn:aws:s3:::public-bucket-open;s3_bucket_policy_public_write_access;False;public-bucket-open;AWS-Audit-Manager-Control-Tower-Guardrails;AWS Audit Manager Control Tower Guardrails;
aws;AWS Control Tower is a management and governance service that you can use to navigate through the setup process and governance requirements that are involved in creating a multi-account AWS environment.;350381001508;us-east-1;2026-08-01 19:04:21.788096;4.1.2;Checks that your S3 buckets do not allow public write access.;Disallow Public Access;;;s3;;PASS;S3 Bucket research-secure-bucket does not have a bucket policy.;arn:aws:s3:::research-secure-bucket;s3_bucket_policy_public_write_access;False;research-secure-bucket;AWS-Audit-Manager-Control-Tower-Guardrails;AWS Audit Manager Control Tower Guardrails;
aws;AWS Control Tower is a management and governance service that you can use to navigate through the setup process and governance requirements that are involved in creating a multi-account AWS environment.;350381001508;us-east-1;2026-08-01 19:04:21.788096;4.1.1;Checks that your S3 buckets do not allow public read access.;Disallow Public Access;;;s3;;PASS;S3 Bucket aws-cloudtrail-logs-350381001508-dae76776 is not public.;arn:aws:s3:::aws-cloudtrail-logs-350381001508-dae76776;s3_bucket_public_access;False;aws-cloudtrail-logs-350381001508-dae76776;AWS-Audit-Manager-Control-Tower-Guardrails;AWS Audit Manager Control Tower Guardrails;
aws;AWS Control Tower is a management and governance service that you can use to navigate through the setup process and governance requirements that are involved in creating a multi-account AWS environment.;350381001508;us-east-1;2026-08-01 19:04:21.788096;4.1.1;Checks that your S3 buckets do not allow public read access.;Disallow Public Access;;;s3;;FAIL;S3 Bucket public-bucket-open has public access due to bucket policy.;arn:aws:s3:::public-bucket-open;s3_bucket_public_access;False;public-bucket-open;AWS-Audit-Manager-Control-Tower-Guardrails;AWS Audit Manager Control Tower Guardrails;
aws;AWS Control Tower is a management and governance service that you can use to navigate through the setup process and governance requirements that are involved in creating a multi-account AWS environment.;350381001508;us-east-1;2026-08-01 19:04:21.788096;4.1.1;Checks that your S3 buckets do not allow public read access.;Disallow Public Access;;;s3;;PASS;S3 Bucket research-secure-bucket is not public.;arn:aws:s3:::research-secure-bucket;s3_bucket_public_access;False;research-secure-bucket;AWS-Audit-Manager-Control-Tower-Guardrails;AWS Audit Manager Control Tower Guardrails;
aws;AWS Control Tower is a management and governance service that you can use to navigate through the setup process and governance requirements that are involved in creating a multi-account AWS environment.;350381001508;us-east-1;2026-08-01 19:04:21.788096;4.1.1;Checks that your S3 buckets do not allow public read access.;Disallow Public Access;;;s3;;PASS;S3 Bucket aws-cloudtrail-logs-350381001508-dae76776 is not publicly listable.;arn:aws:s3:::aws-cloudtrail-logs-350381001508-dae76776;s3_bucket_public_list_acl;False;aws-cloudtrail-logs-350381001508-dae76776;AWS-Audit-Manager-Control-Tower-Guardrails;AWS Audit Manager Control Tower Guardrails;
aws;AWS Control Tower is a management and governance service that you can use to navigate through the setup process and governance requirements that are involved in creating a multi-account AWS environment.;350381001508;us-east-1;2026-08-01 19:04:21.788096;4.1.1;Checks that your S3 buckets do not allow public read access.;Disallow Public Access;;;s3;;PASS;S3 Bucket public-bucket-open is not publicly listable.;arn:aws:s3:::public-bucket-open;s3_bucket_public_list_acl;False;public-bucket-open;AWS-Audit-Manager-Control-Tower-Guardrails;AWS Audit Manager Control Tower Guardrails;
aws;AWS Control Tower is a management and governance service that you can use to navigate through the setup process and governance requirements that are involved in creating a multi-account AWS environment.;350381001508;us-east-1;2026-08-01 19:04:21.788096;4.1.1;Checks that your S3 buckets do not allow public read access.;Disallow Public Access;;;s3;;PASS;S3 Bucket research-secure-bucket is not publicly listable.;arn:aws:s3:::research-secure-bucket;s3_bucket_public_list_acl;False;research-secure-bucket;AWS-Audit-Manager-Control-Tower-Guardrails;AWS Audit Manager Control Tower Guardrails;
aws;AWS Control Tower is a management and governance service that you can use to navigate through the setup process and governance requirements that are involved in creating a multi-account AWS environment.;;;2026-08-01 19:04:21.788096;1.0.1;Checks whether EBS optimization is enabled for your EC2 instances that can be EBS-optimized;EBS checks;;;ebs;;MANUAL;Manual check;manual_check;manual;False;Manual check;AWS-Audit-Manager-Control-Tower-Guardrails;AWS Audit Manager Control Tower Guardrails;
